source_image, target_image, class, flip
0.jpg,1.jpg, 1, 0
2.jpg,3.jpg, 1, 0
4.jpg,5.jpg, 1, 0
6.jpg,7.jpg, 1, 0
8.jpg,9.jpg, 1, 0
10.jpg,11.jpg, 1, 0
12.jpg,13.jpg, 1, 0
14.jpg,15.jpg, 1, 0
16.jpg,17.jpg, 1, 0
18.jpg,19.jpg, 1, 0
20.jpg,21.jpg, 1, 0
22.jpg,23.jpg, 1, 0
24.jpg,25.jpg, 1, 0
26.jpg,27.jpg, 1, 0
28.jpg,29.jpg, 1, 0
30.jpg,31.jpg, 1, 0
32.jpg,33.jpg, 1, 0
34.jpg,35.jpg, 1, 0
36.jpg,37.jpg, 1, 0
38.jpg,39.jpg, 1, 0
40.jpg,41.jpg, 1, 0
42.jpg,43.jpg, 1, 0
44.jpg,45.jpg, 1, 0
46.jpg,47.jpg, 1, 0
48.jpg,49.jpg, 1, 0
50.jpg,51.jpg, 1, 0
52.jpg,53.jpg, 1, 0
54.jpg,55.jpg, 1, 0
56.jpg,57.jpg, 1, 0
58.jpg,59.jpg, 1, 0
60.jpg,61.jpg, 1, 0
62.jpg,63.jpg, 1, 0
64.jpg,65.jpg, 1, 0
66.jpg,67.jpg, 1, 0
68.jpg,69.jpg, 1, 0
70.jpg,71.jpg, 1, 0
72.jpg,73.jpg, 1, 0
74.jpg,75.jpg, 1, 0
76.jpg,77.jpg, 1, 0
78.jpg,79.jpg, 1, 0
80.jpg,81.jpg, 1, 0
82.jpg,83.jpg, 1, 0
84.jpg,85.jpg, 1, 0
86.jpg,87.jpg, 1, 0
88.jpg,89.jpg, 1, 0
90.jpg,91.jpg, 1, 0
92.jpg,93.jpg, 1, 0
94.jpg,95.jpg, 1, 0
96.jpg,97.jpg, 1, 0
98.jpg,99.jpg, 1, 0
100.jpg,101.jpg, 1, 0
102.jpg,103.jpg, 1, 0
104.jpg,105.jpg, 1, 0
106.jpg,107.jpg, 1, 0
108.jpg,109.jpg, 1, 0
110.jpg,111.jpg, 1, 0
112.jpg,113.jpg, 1, 0
114.jpg,115.jpg, 1, 0
116.jpg,117.jpg, 1, 0
118.jpg,119.jpg, 1, 0
120.jpg,121.jpg, 1, 0
122.jpg,123.jpg, 1, 0
124.jpg,125.jpg, 1, 0
126.jpg,127.jpg, 1, 0
128.jpg,129.jpg, 1, 0
130.jpg,131.jpg, 1, 0
132.jpg,133.jpg, 1, 0
134.jpg,135.jpg, 1, 0
136.jpg,137.jpg, 1, 0
138.jpg,139.jpg, 1, 0
140.jpg,141.jpg, 1, 0
142.jpg,143.jpg, 1, 0
144.jpg,145.jpg, 1, 0
146.jpg,147.jpg, 1, 0
148.jpg,149.jpg, 1, 0
150.jpg,151.jpg, 1, 0
152.jpg,153.jpg, 1, 0
154.jpg,155.jpg, 1, 0
156.jpg,157.jpg, 1, 0
158.jpg,159.jpg, 1, 0
160.jpg,161.jpg, 1, 0
162.jpg,163.jpg, 1, 0
164.jpg,165.jpg, 1, 0
166.jpg,167.jpg, 1, 0
168.jpg,169.jpg, 1, 0
170.jpg,171.jpg, 1, 0
172.jpg,173.jpg, 1, 0
174.jpg,175.jpg, 1, 0
176.jpg,177.jpg, 1, 0
178.jpg,179.jpg, 1, 0
180.jpg,181.jpg, 1, 0
182.jpg,183.jpg, 1, 0
184.jpg,185.jpg, 1, 0
186.jpg,187.jpg, 1, 0
188.jpg,189.jpg, 1, 0
190.jpg,191.jpg, 1, 0
192.jpg,193.jpg, 1, 0
194.jpg,195.jpg, 1, 0
196.jpg,197.jpg, 1, 0
198.jpg,199.jpg, 1, 0
200.jpg,201.jpg, 1, 0
202.jpg,203.jpg, 1, 0
204.jpg,205.jpg, 1, 0
206.jpg,207.jpg, 1, 0
208.jpg,209.jpg, 1, 0
210.jpg,211.jpg, 1, 0
212.jpg,213.jpg, 1, 0
214.jpg,215.jpg, 1, 0
216.jpg,217.jpg, 1, 0
218.jpg,219.jpg, 1, 0
220.jpg,221.jpg, 1, 0
222.jpg,223.jpg, 1, 0
224.jpg,225.jpg, 1, 0
226.jpg,227.jpg, 1, 0
228.jpg,229.jpg, 1, 0
230.jpg,231.jpg, 1, 0
232.jpg,233.jpg, 1, 0
234.jpg,235.jpg, 1, 0
236.jpg,237.jpg, 1, 0
238.jpg,239.jpg, 1, 0
240.jpg,241.jpg, 1, 0
242.jpg,243.jpg, 1, 0
244.jpg,245.jpg, 1, 0
246.jpg,247.jpg, 1, 0
248.jpg,249.jpg, 1, 0
250.jpg,251.jpg, 1, 0
252.jpg,253.jpg, 1, 0
254.jpg,255.jpg, 1, 0
256.jpg,257.jpg, 1, 0
258.jpg,259.jpg, 1, 0
260.jpg,261.jpg, 1, 0
262.jpg,263.jpg, 1, 0
264.jpg,265.jpg, 1, 0
266.jpg,267.jpg, 1, 0
268.jpg,269.jpg, 1, 0
270.jpg,271.jpg, 1, 0
272.jpg,273.jpg, 1, 0
274.jpg,275.jpg, 1, 0
276.jpg,277.jpg, 1, 0
278.jpg,279.jpg, 1, 0
280.jpg,281.jpg, 1, 0
282.jpg,283.jpg, 1, 0
284.jpg,285.jpg, 1, 0
286.jpg,287.jpg, 1, 0
288.jpg,289.jpg, 1, 0
290.jpg,291.jpg, 1, 0
292.jpg,293.jpg, 1, 0
294.jpg,295.jpg, 1, 0
296.jpg,297.jpg, 1, 0
298.jpg,299.jpg, 1, 0
300.jpg,301.jpg, 1, 0
302.jpg,303.jpg, 1, 0
304.jpg,305.jpg, 1, 0
306.jpg,307.jpg, 1, 0
308.jpg,309.jpg, 1, 0
310.jpg,311.jpg, 1, 0
312.jpg,313.jpg, 1, 0
314.jpg,315.jpg, 1, 0
316.jpg,317.jpg, 1, 0
318.jpg,319.jpg, 1, 0
320.jpg,321.jpg, 1, 0
322.jpg,323.jpg, 1, 0
324.jpg,325.jpg, 1, 0
326.jpg,327.jpg, 1, 0
328.jpg,329.jpg, 1, 0
330.jpg,331.jpg, 1, 0
332.jpg,333.jpg, 1, 0
334.jpg,335.jpg, 1, 0
336.jpg,337.jpg, 1, 0
338.jpg,339.jpg, 1, 0
340.jpg,341.jpg, 1, 0
342.jpg,343.jpg, 1, 0
344.jpg,345.jpg, 1, 0
346.jpg,347.jpg, 1, 0
348.jpg,349.jpg, 1, 0
350.jpg,351.jpg, 1, 0
352.jpg,353.jpg, 1, 0
354.jpg,355.jpg, 1, 0
356.jpg,357.jpg, 1, 0
358.jpg,359.jpg, 1, 0
360.jpg,361.jpg, 1, 0
362.jpg,363.jpg, 1, 0
364.jpg,365.jpg, 1, 0
366.jpg,367.jpg, 1, 0
368.jpg,369.jpg, 1, 0
370.jpg,371.jpg, 1, 0
372.jpg,373.jpg, 1, 0
374.jpg,375.jpg, 1, 0
376.jpg,377.jpg, 1, 0
378.jpg,379.jpg, 1, 0
380.jpg,381.jpg, 1, 0
382.jpg,383.jpg, 1, 0
384.jpg,385.jpg, 1, 0
386.jpg,387.jpg, 1, 0
388.jpg,389.jpg, 1, 0
390.jpg,391.jpg, 1, 0
392.jpg,393.jpg, 1, 0
394.jpg,395.jpg, 1, 0
396.jpg,397.jpg, 1, 0
398.jpg,399.jpg, 1, 0
400.jpg,401.jpg, 1, 0
402.jpg,403.jpg, 1, 0
404.jpg,405.jpg, 1, 0
406.jpg,407.jpg, 1, 0
408.jpg,409.jpg, 1, 0
410.jpg,411.jpg, 1, 0
412.jpg,413.jpg, 1, 0
414.jpg,415.jpg, 1, 0
416.jpg,417.jpg, 1, 0
418.jpg,419.jpg, 1, 0
420.jpg,421.jpg, 1, 0
422.jpg,423.jpg, 1, 0
424.jpg,425.jpg, 1, 0
426.jpg,427.jpg, 1, 0
428.jpg,429.jpg, 1, 0
430.jpg,431.jpg, 1, 0
432.jpg,433.jpg, 1, 0
434.jpg,435.jpg, 1, 0
436.jpg,437.jpg, 1, 0
438.jpg,439.jpg, 1, 0
440.jpg,441.jpg, 1, 0
442.jpg,443.jpg, 1, 0
444.jpg,445.jpg, 1, 0
446.jpg,447.jpg, 1, 0
448.jpg,449.jpg, 1, 0
450.jpg,451.jpg, 1, 0
452.jpg,453.jpg, 1, 0
454.jpg,455.jpg, 1, 0
456.jpg,457.jpg, 1, 0
458.jpg,459.jpg, 1, 0
460.jpg,461.jpg, 1, 0
462.jpg,463.jpg, 1, 0
464.jpg,465.jpg, 1, 0
466.jpg,467.jpg, 1, 0
468.jpg,469.jpg, 1, 0
470.jpg,471.jpg, 1, 0
472.jpg,473.jpg, 1, 0
474.jpg,475.jpg, 1, 0
476.jpg,477.jpg, 1, 0
478.jpg,479.jpg, 1, 0
480.jpg,481.jpg, 1, 0
482.jpg,483.jpg, 1, 0
484.jpg,485.jpg, 1, 0
486.jpg,487.jpg, 1, 0
488.jpg,489.jpg, 1, 0
490.jpg,491.jpg, 1, 0
492.jpg,493.jpg, 1, 0
494.jpg,495.jpg, 1, 0
496.jpg,497.jpg, 1, 0
498.jpg,499.jpg, 1, 0
500.jpg,501.jpg, 1, 0
502.jpg,503.jpg, 1, 0
504.jpg,505.jpg, 1, 0
506.jpg,507.jpg, 1, 0
508.jpg,509.jpg, 1, 0
510.jpg,511.jpg, 1, 0
512.jpg,513.jpg, 1, 0
514.jpg,515.jpg, 1, 0
516.jpg,517.jpg, 1, 0
518.jpg,519.jpg, 1, 0
520.jpg,521.jpg, 1, 0
522.jpg,523.jpg, 1, 0
524.jpg,525.jpg, 1, 0
526.jpg,527.jpg, 1, 0
528.jpg,529.jpg, 1, 0
530.jpg,531.jpg, 1, 0
532.jpg,533.jpg, 1, 0
534.jpg,535.jpg, 1, 0
536.jpg,537.jpg, 1, 0
538.jpg,539.jpg, 1, 0
540.jpg,541.jpg, 1, 0
542.jpg,543.jpg, 1, 0
544.jpg,545.jpg, 1, 0
546.jpg,547.jpg, 1, 0
548.jpg,549.jpg, 1, 0
550.jpg,551.jpg, 1, 0
552.jpg,553.jpg, 1, 0
554.jpg,555.jpg, 1, 0
556.jpg,557.jpg, 1, 0
558.jpg,559.jpg, 1, 0
560.jpg,561.jpg, 1, 0
562.jpg,563.jpg, 1, 0
564.jpg,565.jpg, 1, 0
566.jpg,567.jpg, 1, 0
568.jpg,569.jpg, 1, 0
570.jpg,571.jpg, 1, 0
572.jpg,573.jpg, 1, 0
574.jpg,575.jpg, 1, 0
576.jpg,577.jpg, 1, 0
578.jpg,579.jpg, 1, 0
580.jpg,581.jpg, 1, 0
582.jpg,583.jpg, 1, 0
584.jpg,585.jpg, 1, 0
586.jpg,587.jpg, 1, 0
588.jpg,589.jpg, 1, 0
590.jpg,591.jpg, 1, 0
592.jpg,593.jpg, 1, 0
594.jpg,595.jpg, 1, 0
596.jpg,597.jpg, 1, 0
598.jpg,599.jpg, 1, 0
600.jpg,601.jpg, 1, 0
602.jpg,603.jpg, 1, 0
604.jpg,605.jpg, 1, 0
606.jpg,607.jpg, 1, 0
608.jpg,609.jpg, 1, 0
610.jpg,611.jpg, 1, 0
612.jpg,613.jpg, 1, 0
614.jpg,615.jpg, 1, 0
616.jpg,617.jpg, 1, 0
618.jpg,619.jpg, 1, 0
620.jpg,621.jpg, 1, 0
622.jpg,623.jpg, 1, 0
624.jpg,625.jpg, 1, 0
626.jpg,627.jpg, 1, 0
628.jpg,629.jpg, 1, 0
630.jpg,631.jpg, 1, 0
632.jpg,633.jpg, 1, 0
634.jpg,635.jpg, 1, 0
636.jpg,637.jpg, 1, 0
638.jpg,639.jpg, 1, 0
640.jpg,641.jpg, 1, 0
642.jpg,643.jpg, 1, 0
644.jpg,645.jpg, 1, 0
646.jpg,647.jpg, 1, 0
648.jpg,649.jpg, 1, 0
650.jpg,651.jpg, 1, 0
652.jpg,653.jpg, 1, 0
654.jpg,655.jpg, 1, 0
656.jpg,657.jpg, 1, 0
658.jpg,659.jpg, 1, 0
660.jpg,661.jpg, 1, 0
662.jpg,663.jpg, 1, 0
664.jpg,665.jpg, 1, 0
666.jpg,667.jpg, 1, 0
668.jpg,669.jpg, 1, 0
670.jpg,671.jpg, 1, 0
672.jpg,673.jpg, 1, 0
674.jpg,675.jpg, 1, 0
676.jpg,677.jpg, 1, 0
678.jpg,679.jpg, 1, 0
680.jpg,681.jpg, 1, 0
682.jpg,683.jpg, 1, 0
684.jpg,685.jpg, 1, 0
686.jpg,687.jpg, 1, 0
688.jpg,689.jpg, 1, 0
690.jpg,691.jpg, 1, 0
692.jpg,693.jpg, 1, 0
694.jpg,695.jpg, 1, 0
696.jpg,697.jpg, 1, 0
698.jpg,699.jpg, 1, 0
700.jpg,701.jpg, 1, 0
702.jpg,703.jpg, 1, 0
704.jpg,705.jpg, 1, 0
706.jpg,707.jpg, 1, 0
708.jpg,709.jpg, 1, 0
710.jpg,711.jpg, 1, 0
712.jpg,713.jpg, 1, 0
714.jpg,715.jpg, 1, 0
716.jpg,717.jpg, 1, 0
718.jpg,719.jpg, 1, 0
720.jpg,721.jpg, 1, 0
722.jpg,723.jpg, 1, 0
724.jpg,725.jpg, 1, 0
726.jpg,727.jpg, 1, 0
728.jpg,729.jpg, 1, 0
730.jpg,731.jpg, 1, 0
732.jpg,733.jpg, 1, 0
734.jpg,735.jpg, 1, 0
736.jpg,737.jpg, 1, 0
738.jpg,739.jpg, 1, 0
740.jpg,741.jpg, 1, 0
742.jpg,743.jpg, 1, 0
744.jpg,745.jpg, 1, 0
746.jpg,747.jpg, 1, 0
748.jpg,749.jpg, 1, 0
750.jpg,751.jpg, 1, 0
752.jpg,753.jpg, 1, 0
754.jpg,755.jpg, 1, 0
756.jpg,757.jpg, 1, 0
758.jpg,759.jpg, 1, 0
760.jpg,761.jpg, 1, 0
762.jpg,763.jpg, 1, 0
764.jpg,765.jpg, 1, 0
766.jpg,767.jpg, 1, 0
768.jpg,769.jpg, 1, 0
770.jpg,771.jpg, 1, 0
772.jpg,773.jpg, 1, 0
774.jpg,775.jpg, 1, 0
776.jpg,777.jpg, 1, 0
778.jpg,779.jpg, 1, 0
780.jpg,781.jpg, 1, 0
782.jpg,783.jpg, 1, 0
784.jpg,785.jpg, 1, 0
786.jpg,787.jpg, 1, 0
788.jpg,789.jpg, 1, 0
790.jpg,791.jpg, 1, 0
792.jpg,793.jpg, 1, 0
794.jpg,795.jpg, 1, 0
796.jpg,797.jpg, 1, 0
798.jpg,799.jpg, 1, 0
800.jpg,801.jpg, 1, 0
802.jpg,803.jpg, 1, 0
804.jpg,805.jpg, 1, 0
806.jpg,807.jpg, 1, 0
808.jpg,809.jpg, 1, 0
810.jpg,811.jpg, 1, 0
812.jpg,813.jpg, 1, 0
814.jpg,815.jpg, 1, 0
816.jpg,817.jpg, 1, 0
818.jpg,819.jpg, 1, 0
820.jpg,821.jpg, 1, 0
822.jpg,823.jpg, 1, 0
824.jpg,825.jpg, 1, 0
826.jpg,827.jpg, 1, 0
828.jpg,829.jpg, 1, 0
830.jpg,831.jpg, 1, 0
832.jpg,833.jpg, 1, 0
834.jpg,835.jpg, 1, 0
836.jpg,837.jpg, 1, 0
838.jpg,839.jpg, 1, 0
840.jpg,841.jpg, 1, 0
842.jpg,843.jpg, 1, 0
844.jpg,845.jpg, 1, 0
846.jpg,847.jpg, 1, 0
848.jpg,849.jpg, 1, 0
850.jpg,851.jpg, 1, 0
852.jpg,853.jpg, 1, 0
854.jpg,855.jpg, 1, 0
856.jpg,857.jpg, 1, 0
858.jpg,859.jpg, 1, 0
860.jpg,861.jpg, 1, 0
862.jpg,863.jpg, 1, 0
864.jpg,865.jpg, 1, 0
866.jpg,867.jpg, 1, 0
868.jpg,869.jpg, 1, 0
870.jpg,871.jpg, 1, 0
872.jpg,873.jpg, 1, 0
874.jpg,875.jpg, 1, 0
876.jpg,877.jpg, 1, 0
878.jpg,879.jpg, 1, 0
880.jpg,881.jpg, 1, 0
882.jpg,883.jpg, 1, 0
884.jpg,885.jpg, 1, 0
886.jpg,887.jpg, 1, 0
888.jpg,889.jpg, 1, 0
890.jpg,891.jpg, 1, 0
892.jpg,893.jpg, 1, 0
894.jpg,895.jpg, 1, 0
896.jpg,897.jpg, 1, 0
898.jpg,899.jpg, 1, 0
900.jpg,901.jpg, 1, 0
902.jpg,903.jpg, 1, 0
904.jpg,905.jpg, 1, 0
906.jpg,907.jpg, 1, 0
908.jpg,909.jpg, 1, 0
910.jpg,911.jpg, 1, 0
912.jpg,913.jpg, 1, 0
914.jpg,915.jpg, 1, 0
916.jpg,917.jpg, 1, 0
918.jpg,919.jpg, 1, 0
920.jpg,921.jpg, 1, 0
922.jpg,923.jpg, 1, 0
924.jpg,925.jpg, 1, 0
926.jpg,927.jpg, 1, 0
928.jpg,929.jpg, 1, 0
930.jpg,931.jpg, 1, 0
932.jpg,933.jpg, 1, 0
934.jpg,935.jpg, 1, 0
936.jpg,937.jpg, 1, 0
938.jpg,939.jpg, 1, 0
940.jpg,941.jpg, 1, 0
942.jpg,943.jpg, 1, 0
944.jpg,945.jpg, 1, 0
946.jpg,947.jpg, 1, 0
948.jpg,949.jpg, 1, 0
950.jpg,951.jpg, 1, 0
952.jpg,953.jpg, 1, 0
954.jpg,955.jpg, 1, 0
956.jpg,957.jpg, 1, 0
958.jpg,959.jpg, 1, 0
960.jpg,961.jpg, 1, 0
962.jpg,963.jpg, 1, 0
964.jpg,965.jpg, 1, 0
966.jpg,967.jpg, 1, 0
968.jpg,969.jpg, 1, 0
970.jpg,971.jpg, 1, 0
972.jpg,973.jpg, 1, 0
974.jpg,975.jpg, 1, 0
976.jpg,977.jpg, 1, 0
978.jpg,979.jpg, 1, 0
980.jpg,981.jpg, 1, 0
982.jpg,983.jpg, 1, 0
984.jpg,985.jpg, 1, 0
986.jpg,987.jpg, 1, 0
988.jpg,989.jpg, 1, 0
990.jpg,991.jpg, 1, 0
992.jpg,993.jpg, 1, 0
994.jpg,995.jpg, 1, 0
996.jpg,997.jpg, 1, 0
998.jpg,999.jpg, 1, 0